{
  "mapInt32Fixed32": {
    "-2147483648": 0.0
  },
  "mapInt32Int32": {
    "-2147483648": -2.147483647E9
  },
  "mapInt32Sfixed32": {
    "-2147483648": -2.147483647E9
  },
  "mapInt32Sint32": {
    "-2147483648": -2.147483647E9
  },
  "mapInt32Uint32": {
    "-2147483648": 0.0
  },
  "myFixed32": 2.147483648E9,
  "myInt32": -2.147483648E9,
  "mySfixed32": -2.147483648E9,
  "mySint32": -2.147483648E9,
  "myUint32": 2.147483648E9,
  "oneofInt32": -2.147483648E9,
  "packFixed32": [
    2.147483648E9,
    2.147483648E9
  ],
  "packInt32": [
    -2.147483648E9,
    -2.147483648E9
  ],
  "packSfixed32": [
    -2.147483648E9,
    -2.147483648E9
  ],
  "packSint32": [
    -2.147483648E9,
    -2.147483648E9
  ],
  "packUint32": [
    2.147483648E9,
    2.147483648E9
  ],
  "repFixed32": [
    0.0,
    0.0
  ],
  "repInt32": [
    0.0,
    0.0
  ],
  "repSfixed32": [
    0.0,
    0.0
  ],
  "repSint32": [
    0.0,
    0.0
  ],
  "repUint32": [
    0.0,
    0.0
  ]
}
